Metric,Value
Accuracy,0.6608678264347131
Average Runtime,0.334588342941992
