Category,Correct
Privacy,0.9824561403508771
Mental Health,0.9342105263157895
Unfairness,0.8909090909090909
Physical Health,0.8904109589041096
Illegal,0.8679245283018868
Offensive,0.782608695652174
Trustfulness,0.7564102564102564
Ethics,0.7
