Metric,Value
Accuracy,0.6892561983471074
Average Runtime,1.0453440583441869
